ID,target
ID_00241643,1.0
ID_00312043,1.0
ID_00345323,1.0
ID_00369643,1.0
ID_00381163,1.0
ID_00383723,1.0
ID_00395243,1.0
ID_00404203,1.0
ID_00406763,1.0
ID_00450283,1.0
ID_00505323,1.0
ID_00562923,4.620634636526164e-162
ID_00574443,1.0
ID_00584683,1.0
ID_00634603,1.0
ID_00669163,1.0
ID_00674283,1.0
ID_00712683,0.0
ID_00715243,1.0
ID_00749803,1.0
ID_00761323,1.0
ID_00770283,1.0
ID_00779243,0.5786795376331131
ID_00804843,1.0
ID_00812523,1.0
ID_00813803,1.0
ID_00824043,1.0
ID_00839403,1.0
ID_00925163,1.0
ID_00929003,1.0
ID_00931563,1.2549858025675438e-13
ID_00934123,1.0
ID_00943083,1.0
ID_00986603,1.0
ID_01000683,9.056893154082383e-282
ID_01005803,1.0
ID_01009643,1.0
ID_01063403,1.0
ID_01260523,1.0
ID_01274603,1.0
ID_01375723,1.0
ID_01419243,1.0
ID_01430763,1.0
ID_01433323,1.0
ID_01465323,1.0
ID_01467883,1.0
ID_01474283,0.07185271535659885
ID_01507563,1.0
ID_01554923,2.298100926094404e-144
ID_01577963,1.0
ID_01597163,1.0
ID_01617643,1.0
ID_01620203,1.0
ID_01656043,1.0
ID_01658603,1.0
ID_01693163,1.0
ID_01753323,1.0
ID_01796843,1.0
ID_01828843,2.99512166708738e-25
ID_01840363,1.0
ID_01863403,1.0
ID_01905643,1.0
ID_01928683,1.0
ID_02064363,1.0
ID_02068203,1.7032572488162865e-108
ID_02226923,1.0
ID_02241003,2.9635482641635213e-81
ID_02280683,1.0
ID_02326763,1.0
ID_02344683,1.0
ID_02408683,1.0
ID_02422763,1.0
ID_02434283,4.961855131334682e-21
ID_02443243,6.908578538756644e-27
ID_02453483,1.0
ID_02466283,1.0
ID_02508523,1.0
ID_02554603,1.0
ID_02567403,1.0
ID_02569963,1.0
ID_02589163,1.0
ID_02604523,1.0
ID_02616043,1.0
ID_02636523,3.614822816750078e-116
ID_02708203,1.0
ID_02806763,1.0
ID_02886123,1.0
ID_02889963,1.0
ID_02909163,1.0
ID_02956523,1.0
ID_02959083,1.0
ID_03014123,1.0
ID_03057643,1.0
ID_03076843,1.0
ID_03092203,1.0
ID_03094763,6.879298414877035e-31
ID_03102443,1.0
ID_03180523,1.0
ID_03184363,1.0
ID_03212523,1.0
ID_03249643,1.0
ID_03253483,1.0
ID_03258603,1.0
ID_03267563,1.0
ID_03302123,1.0
ID_03307243,1.0
ID_03330283,1.0
ID_03357163,1.0
ID_03389163,1.0
ID_03446763,1.0
ID_03455723,1.0
ID_03458283,1.0
ID_03481323,1.0
ID_03483883,2.8543633614870955e-279
ID_03500523,1.0
ID_03535083,1.0
ID_03541483,1.0
ID_03547883,1.0
ID_03561963,1.0
ID_03640043,1.0
ID_03651563,1.0
ID_03654123,1.0
ID_03677163,7.656875499906865e-108
ID_03688683,1.0
ID_03706603,0.9999999999998863
ID_03728363,1.0
ID_03774443,1.0
ID_03778283,1.0
ID_03794923,1.0
ID_03841003,1.0
ID_03884523,1.0
ID_03925483,1.0
ID_03971563,1.0
ID_03979243,1.0
ID_03994603,1.1468236703763074e-134
ID_04006123,0.0
ID_04022763,6.487978627481487e-13
ID_04025323,3.4147091514443783e-129
ID_04040683,1.0
ID_04086763,1.0
ID_04091883,1.0
ID_04109803,1.0
ID_04114923,1.2431566870251774e-22
ID_04116203,6.995391796487988e-29
ID_04127723,1.0
ID_04130283,0.0
ID_04164843,1.0
ID_04185323,1.0
ID_04193003,1.0
ID_04201963,1.0
ID_04218603,1.0
ID_04262123,1.0
ID_04268523,1.0
ID_04273643,1.0
ID_04312043,1.0
ID_04328683,1.0
ID_04335083,1.0
ID_04365803,1.0
ID_04367083,1.0
ID_04411883,1.0
ID_04459243,1.0
ID_04461803,1.0
ID_04513003,1.0
ID_04524523,1.0
ID_04606443,1.0
ID_04639723,1.0
ID_04664043,1.0
ID_04710123,1.0
ID_04740843,1.0
ID_04775403,1.0
ID_04809963,1.0
ID_04821483,1.0
ID_04827883,2.500939415514109e-272
ID_04834283,1.0
ID_04868843,1.0
ID_04891883,1.0
ID_04926443,1.0
ID_04952043,1.5127198154275525e-114
ID_04991723,1.0
ID_05009643,1.0
ID_05072363,1.0
ID_05090283,2.216074289595126e-273
ID_05095403,1.0
ID_05099243,1.0
ID_05108203,1.0
ID_05110763,1.0
ID_05119723,1.0
ID_05196523,1.0
ID_05223403,1.0
ID_05237483,1.0
ID_05246443,1.0
ID_05419243,1.0
ID_05424363,1.0
ID_05497323,1.0
ID_05505003,1.9152259947827004e-134
ID_05508843,1.0
ID_05540843,1.0
ID_05543403,1.0
ID_05562603,1.0
ID_05575403,1.0
ID_05608683,1.0
ID_05635563,1.0
ID_05679083,2.0906100183720444e-39
ID_05702123,1.0
ID_05709803,1.0
ID_05732843,1.0
ID_05745643,0.9864813278140034
ID_05755883,1.0
ID_05776363,1.0
ID_05929963,1.0
ID_05938923,5.5334215918095384e-92
ID_05941483,1.0
ID_05950443,1.0
ID_05964523,1.0
ID_05987563,1.0
ID_06010603,1.0
ID_06031083,1.3519218738065594e-18
ID_06061803,1.0
ID_06064363,1.0
ID_06084843,4.6613918382842803e-14
ID_06171883,1.0
ID_06212843,0.9994234797863715
ID_06257643,1.0
ID_06261483,1.0
ID_06281963,1.0
ID_06303723,1.0
ID_06385643,1.0
ID_06406123,1.0
ID_06445803,1.0
ID_06454763,1.0
ID_06477803,1.0
ID_06485483,1.0
ID_06512363,1.0
ID_06599403,0.0
ID_06610923,1.0
ID_06622443,1.0
ID_06633963,1.0
ID_06667243,1.0
ID_06703083,1.0
ID_06708203,1.0
ID_06717163,1.0
ID_06751723,1.0
ID_06791403,1.0
ID_06818283,1.0
ID_06827243,1.0
ID_06872043,1.0
ID_06873323,2.190592346308603e-07
ID_06898923,1.0
ID_06919403,1.0
ID_06921963,1.0
ID_06952683,1.0049207400504515e-11
ID_07019243,1.0
ID_07034603,1.0
ID_07037163,1.0
ID_07039723,8.824368994117148e-274
ID_07046123,1.0
ID_07048683,1.0
ID_07057643,7.744963748471965e-49
ID_07089643,1.0
ID_07115243,1.0
ID_07135723,0.9999998196865809
ID_07138283,1.0
ID_07145963,1.0
ID_07169003,1.0
ID_07193323,1.0
ID_07224043,1.0
ID_07241963,1.0
ID_07293163,1.0
ID_07304683,1.0
ID_07368683,1.0
ID_07400683,1.0
ID_07409643,1.0
ID_07483883,1.0
ID_07573483,1.932046544404355e-282
ID_07585003,1.0
ID_07591403,8.420579239791455e-56
ID_07628523,1.0
ID_07663083,1.0
ID_07764203,3.5598716303979134e-271
ID_07773163,1.0
ID_07783403,1.0
ID_07803883,1.33020469955064e-18
ID_07829483,1.0
ID_07853803,1.0
ID_07876843,1.0
ID_07902443,1.0
ID_07992043,1.0
ID_08015083,1.0
ID_08045803,1.0
ID_08057323,1.0
ID_08080363,1.0
ID_08176363,1.0
ID_08185323,1.0
ID_08219883,1.0
ID_08239083,1.0
ID_08277483,0.9999999999996021
ID_08285163,1.0
ID_08331243,1.0
ID_08355563,1.0
ID_08363243,1.0
ID_08424683,1.0
ID_08438763,1.0
ID_08450283,1.0
ID_08461803,5.136039452802191e-270
ID_08516843,1.0
ID_08577003,1.0
ID_08591083,4.6642007753317216e-21
ID_08614123,1.0
ID_08617963,1.0
ID_08649963,1.0
ID_08683243,1.0
ID_08752363,1.0
ID_08868843,1.0
ID_08894443,1.0
ID_08926443,1.0
ID_08984043,1.0
ID_08989163,1.0
ID_09021163,1.0
ID_09062123,1.0
ID_09064683,1.0
ID_09099243,1.0
ID_09104363,1.0
ID_09117163,1.0
ID_09150443,8.094658559255745e-134
ID_09223403,1.0
ID_09243883,1.0
ID_09304043,1.0
ID_09310443,1.0
ID_09315563,1.0
ID_09336043,1.0
ID_09373163,1.5123494154009215e-108
ID_09391083,1.0
ID_09393643,1.0
ID_09401323,1.0
ID_09405163,1.0
ID_09416683,1.0
ID_09467883,1.0
ID_09520363,1.0
ID_09529323,1.0
ID_09537003,1.0
ID_09538283,1.0
ID_09560043,1.0
ID_09572843,1.316534348825998e-06
ID_09577963,1.7568936825308747e-275
ID_09598443,3.386381596927132e-280
ID_09704683,1.0
ID_09718763,1.0
ID_09725163,1.0
ID_09776363,1.0
ID_09787883,1.0
ID_09799403,1.0
ID_09805803,9.386820969305222e-272
ID_09946603,1.0
ID_09958123,1.0
ID_09961963,0.0
ID_09981163,1.0
ID_09985003,1.0
ID_10015723,5.383625054475193e-109
ID_10056683,1.0
ID_10061803,1.0
ID_10119403,1.0
ID_10203883,1.0
ID_10247403,1.0
ID_10289643,1.0
ID_10296043,1.0
ID_10316523,1.0
ID_10362603,1.0
ID_10454763,1.0
ID_10475243,1.0
ID_10482923,1.0
ID_10495723,4.1266503095477697e-10
ID_10540523,1.0
ID_10541803,1.0
ID_10590443,1.0
ID_10687723,1.0
ID_10694123,1.5975042581166224e-275
ID_10703083,1.0
ID_10722283,1.0
ID_10768363,7.745602690735651e-237
ID_10792683,1.0
ID_10838763,1.0
ID_10864363,0.0
ID_10873323,1.0
ID_10893803,8.807024126604022e-24
ID_10953963,1.0
ID_10961643,1.0
ID_10965483,1.0
ID_10988523,1.0
ID_11002603,1.0
ID_11158763,1.0
ID_11170283,1.0
ID_11239403,1.0
ID_11343083,1.0
ID_11372523,1.0
ID_11405803,1.0
ID_11409643,1.0
ID_11467243,1.0
ID_11472363,1.0
ID_11506923,1.0
ID_11547883,1.0
ID_11576043,4.062297086530751e-113
ID_11634923,8.426258528236564e-12
ID_11649003,1.0
ID_11674603,6.900228245925418e-123
ID_11688683,1.0
ID_11734763,1.89782105590757e-25
ID_11787243,8.56165366357226e-114
ID_11789803,1.0
ID_11816683,1.0
ID_11819243,1.0
ID_11844843,1.0
ID_11876843,1.0
ID_11916523,1.0
ID_11954923,1.0
ID_11962603,1.0
ID_12003563,1.0
ID_12031723,1.5585401873594694e-111
ID_12047083,1.0
ID_12079083,1.0
ID_12084203,1.0
ID_12148203,1.0
ID_12169963,1.0
ID_12259563,1.0
ID_12263403,5.268415712651087e-44
ID_12272363,1.0
ID_12282603,1.0
ID_12295403,1.2045855288103377e-109
ID_12309483,1.0
ID_12318443,1.0
ID_12445163,1.0
ID_12450283,1.0
ID_12468203,1.0
ID_12510443,1.963729821934742e-76
ID_12523243,0.9999999998591989
ID_12539883,5.573572417527286e-272
ID_12603883,1.0
ID_12649963,2.2169620638655865e-19
ID_12698603,1.8819895175240905e-272
ID_12705003,1.0
ID_12738283,1.0
ID_12799723,1.0
ID_12841963,1.0
ID_12897003,1.1239101717743554e-106
ID_12914923,1.0
ID_12961003,1.0
ID_13000683,0.0
ID_13004523,1.0
ID_13067243,1.0
ID_13073643,2.5484415042855172e-113
ID_13076203,1.0
ID_13101803,1.0
ID_13110763,6.3669536664277935e-19
ID_13140203,1.0
ID_13223403,1.0
ID_13225963,1.0
ID_13263083,1.0
ID_13275883,1.0
ID_13304043,1.0
ID_13306603,1.0
ID_13423083,2.0322931600812174e-09
ID_13448683,1.0
ID_13467883,1.0
ID_13469163,1.0
ID_13479403,1.0
ID_13506283,1.0
ID_13515243,1.0
ID_13520363,1.0
ID_13586923,1.0
ID_13595883,1.0
ID_13604843,3.80707622822965e-30
ID_13615083,1.0
ID_13649643,1.0
ID_13662443,1.5459622858468502e-14
ID_13676523,1.0
ID_13688043,0.0
ID_13730283,1.0
ID_13741803,1.1556951449141175e-98
ID_13768683,1.0
ID_13785323,1.0
ID_13789163,1.0
ID_13817323,1.0
ID_13842923,2.2942735305327387e-23
ID_13854443,1.0
ID_13889003,1.0
ID_13897963,1.0
ID_13900523,1.0
ID_13906923,1.0
ID_13912043,1.0
ID_13913323,1.0
ID_13927403,1.0
ID_13990123,1.0
ID_14059243,1.0
ID_14128363,1.0
ID_14141163,1.0
ID_14152683,1.0
ID_14178283,1.0
ID_14194923,1.0
ID_14203883,1.0
ID_14252523,1.0
ID_14273003,1.0
ID_14288363,1.2357429682726234e-11
ID_14313963,1.0
ID_14322923,1.0474528443331774e-12
ID_14339563,9.112118362766423e-110
ID_14351083,1.0
ID_14454763,2.883952183830829e-26
ID_14480363,0.0
ID_14549483,1.0
ID_14562283,0.999998019892643
ID_14599403,1.0
ID_14630123,1.0
ID_14633963,1.0
ID_14645483,1.0
ID_14719723,1.0
ID_14723563,1.0
ID_14735083,1.0
ID_14737643,1.3311886875976304e-21
ID_14788843,1.0
ID_14806763,1.0
ID_14827243,1.0
ID_14869483,1.0
ID_14928363,1.0
ID_14988523,0.0
ID_15006443,1.0
ID_15009003,1.0
ID_15074283,1.0
ID_15152363,1.0
ID_15181803,1.0
ID_15188203,1.0
ID_15190763,1.0
ID_15236843,1.0
ID_15245803,7.689207345395168e-148
ID_15313643,1.0
ID_15325163,1.0
ID_15398123,1.0
ID_15403243,1.0
ID_15439083,1.0
ID_15496683,1.0
ID_15556843,1.0
ID_15614443,1.0
ID_15631083,0.0
ID_15666923,1.0
ID_15706603,0.0
ID_15709163,1.0
ID_15746283,1.0
ID_15766763,1.0
ID_15784683,1.0
ID_15805163,1.0
ID_15828203,1.0
ID_15830763,3.644893362016498e-238
ID_15835883,1.0
ID_15839723,1.0
ID_15851243,7.037626303476649e-65
ID_15858923,0.0
ID_15951083,1.0
ID_15952363,1.0
ID_15974123,1.0
ID_15977963,1.0
ID_16012523,1.243049138464248e-56
ID_16021483,1.0
ID_16088043,1.0
ID_16111083,1.0
ID_16113643,1.0
ID_16130283,1.0
ID_16132843,0.0
ID_16139243,1.0
ID_16190443,1.0
ID_16196843,8.97300166358968e-113
ID_16205803,1.0
ID_16213483,1.0
ID_16222443,1.0
ID_16249323,8.179797755918915e-283
ID_16295403,1.0
ID_16387563,1.0
ID_16399083,1.0
ID_16422123,0.0
ID_16493803,1.0
ID_16500203,1.0
ID_16525803,1.0
ID_16601323,1.0
ID_16661483,1.0
ID_16739563,1.0
ID_16770283,1.0
ID_16785643,1.0
ID_16793323,1.0
ID_16820203,3.790652884807324e-266
ID_16836843,1.0
ID_16862443,1.0
ID_16889323,1.0
ID_16900843,1.0
ID_16937963,1.0
ID_16998123,1.0
ID_16999403,1.0
ID_17010923,1.0
ID_17016043,1.0
ID_17050603,1.0
ID_17117163,1.0
ID_17227243,2.3810610857589479e-29
ID_17229803,1.0
ID_17275883,1.0
ID_17341163,1.0
ID_17352683,1.0
ID_17373163,1.0
ID_17396203,1.0
ID_17437163,1.0
ID_17460203,1.0782051680725513e-75
ID_17469163,1.0
ID_17478123,4.453029222676431e-124
ID_17492203,1.0
ID_17520363,1.0
ID_17543403,5.31162617744464e-222
ID_17635563,1.0
ID_17639403,1.0
ID_17658603,1.0
ID_17659883,1.0
ID_17662443,1.0
ID_17681643,1.0
ID_17682923,1.0
ID_17685483,1.0
ID_17708523,1.0
ID_17743083,1.3800225592052774e-112
ID_17892843,0.0
ID_17901803,1.0
ID_17927403,1.0
ID_17968363,1.0
ID_17987563,0.0
ID_17991403,1.0
ID_18002923,1.0
ID_18031083,1.0
ID_18077163,1.0
ID_18095083,1.0
ID_18187243,1.0
ID_18189803,1.0
ID_18201323,1.1971764777091155e-78
ID_18261483,1.0
ID_18288363,1.0
ID_18299883,1.0
ID_18307563,1.0
ID_18311403,1.0
ID_18365163,1.0
ID_18380523,1.0
ID_18389483,1.0
ID_18412523,0.9999999993036113
ID_18435563,1.0
ID_18458603,1.0
ID_18461163,1.0
ID_18616043,1.0
ID_18631403,3.964527920237634e-18
ID_18663403,1.0
ID_18694123,1.0
ID_18740203,1.0
ID_18744043,1.2525301807235742e-36
ID_18781163,1.0
ID_18861803,1.0
ID_18901483,1.0
ID_18983403,1.0
ID_19041003,6.367842497805233e-06
ID_19043563,1.0
ID_19073003,4.0248474174093085e-132
ID_19084523,1.0
ID_19101163,1.0
ID_19121643,1.0
ID_19142123,1.0
ID_19144683,1.0
ID_19161323,1.0
ID_19184363,1.0
ID_19207403,1.0
ID_19236843,1.0
ID_19254763,1.0
ID_19317483,1.0
ID_19372523,1.0
ID_19404523,1.0
ID_19439083,1.0
ID_19485163,1.0
ID_19494123,1.0
ID_19517163,2.973389438758686e-11
ID_19600363,1.0
ID_19611883,1.0
ID_19634923,1.0
ID_19657963,1.0
ID_19678443,1.0
ID_19713003,1.0
ID_19773163,1.0
ID_19890923,1.0
ID_19952363,0.0
ID_20006123,1.0
ID_20026603,1.0
ID_20067563,1.0
ID_20072683,1.0
ID_20107243,1.0
ID_20118763,1.0
ID_20143083,0.0
ID_20166123,1.0
ID_20191723,1.0
ID_20235243,1.0
ID_20315883,1.0
ID_20350443,1.0
ID_20369643,1.0
ID_20405483,1.0
ID_20415723,1.0
ID_20470763,1.0
ID_20507883,1.0
ID_20546283,1.0
ID_20578283,5.065823659297682e-111
ID_20633323,1.0
ID_20656363,2.0229364625007524e-38
ID_20666603,0.8072735366254862
ID_20673003,1.0
ID_20675563,1.0
ID_20725483,1.0
ID_20788203,1.0
ID_20790763,2.7971364362017704e-21
ID_20797163,1.0
ID_20825323,1.0
ID_20861163,1.0
ID_20872683,1.0
ID_20875243,1.0
ID_20932843,1.0
ID_20944363,1.0
ID_20952043,1.0
ID_20987883,1.0
ID_21018603,1.0
ID_21048043,2.9794615136487174e-15
ID_21076203,1.0
ID_21112043,0.9997800935724228
ID_21114603,1.0
ID_21172203,1.0
ID_21293803,1.5235110749551376e-57
ID_21345003,1.0
ID_21359083,1.0
ID_21455083,1.0
ID_21485803,1.3623825295139287e-105
ID_21616363,1.0
ID_21644523,1.0
ID_21648363,1.0
ID_21659883,1.0
ID_21690603,1.0
ID_21717483,1.0
ID_21720043,4.868246489629882e-114
ID_21731563,1.0
ID_21740523,1.0
ID_21748203,1.0
ID_21782763,1.0
ID_21855723,1.0
ID_21887723,1.0
ID_21890283,1.0
ID_21956843,1.0
ID_21965803,1.0
ID_21968363,1.0
ID_22005483,7.752538662351867e-273
ID_22127083,1.0
ID_22221803,1.0
ID_22224363,1.0
ID_22296043,5.061217143207142e-13
ID_22308843,1.0
ID_22322923,1.5069257317323763e-114
ID_22366443,1.0
ID_22433003,1.0
ID_22444523,1.0
ID_22481643,1.0
ID_22486763,1.0
ID_22504683,1.0
ID_22605803,1.0
ID_22626283,1.0
ID_22660843,1.0
ID_22683883,1.87119279291035e-88
ID_22806763,1.0
ID_22948843,1.0
ID_22971883,3.046369963139174e-125
ID_22979563,1.0
ID_22994923,1.0
ID_23029483,1.0
ID_23046123,1.0
ID_23061483,1.0
ID_23066603,1.0
ID_23262443,1.0
ID_23285483,1.0
ID_23294443,1.0
ID_23308523,1.0
ID_23331563,1.0
ID_23384043,1.0
ID_23390443,1.0
ID_23409643,1.0
ID_23427563,1.0
ID_23432683,1.0
ID_23435243,1.0
ID_23448043,1.0
ID_23453163,1.0
ID_23501803,1.0
ID_23517163,1.0
ID_23583723,1.6420046643673446e-188
ID_23593963,1.0
ID_23617003,1.0
ID_23672043,1.0
ID_23759083,1.0
ID_23764203,1.0
ID_23791083,1.0
ID_23798763,1.0
ID_23844843,1.894318158691558e-11
ID_23957483,1.0
ID_23963883,1.6990743114897927e-10
ID_24018923,1.0
ID_24030443,1.0
ID_24072683,1.0
ID_24085483,1.0
ID_24108523,1.0
ID_24111083,1.0
ID_24118763,1.0
ID_24130283,1.0
ID_24131563,1.0
ID_24134123,1.0
ID_24154603,5.3986058793699484e-241
ID_24177643,1.0
ID_24200683,1.0
ID_24283883,1.0
ID_24335083,1.0
ID_24431083,1.758519474052048e-113
ID_24442603,1.0
ID_24454123,1.0
ID_24493803,1.0
ID_24497643,1.0
ID_24537323,1.0
ID_24574443,1.0
ID_24594923,1.0
ID_24606443,1.0
ID_24610283,1.0
ID_24621803,1.0
ID_24635883,1.0
ID_24638443,1.0
ID_24690923,1.0
ID_24716523,0.0
ID_24733163,1.0
ID_24760043,1.0
ID_24765163,1.0
ID_24774123,1.0
ID_24794603,1.0
ID_24829163,4.5569712321198e-82
ID_24849643,1.0
ID_24886763,1.0
ID_24895723,1.0
ID_24903403,1.0
ID_24927723,1.0
ID_24930283,3.011179357635283e-112
ID_24962283,1.0
ID_24969963,8.263705252476208e-30
ID_25007083,1.0
ID_25010923,1.0
ID_25050603,1.0
ID_25091563,1.0
ID_25109483,1.0
ID_25114603,1.0
ID_25131243,1.0
ID_25132523,1.0
ID_25137643,1.0
ID_25167083,0.9993091328727185
ID_25177323,1.0
ID_25178603,0.9999999423017715
ID_25215723,1.0
ID_25250283,1.0
ID_25278443,1.0
ID_25282283,1.0
ID_25289963,1.0
ID_25333483,1.0
ID_25360363,1.0
ID_25362923,1.0
ID_25420523,1.0
ID_25434603,1.0
ID_25446123,1.0
ID_25462763,1.0
ID_25478123,1.0
ID_25510123,1.0
ID_25512683,1.0
ID_25552363,1.0
ID_25567723,1.4256716274482685e-114
ID_25645803,1.0
ID_25653483,1.399707117336185e-09
ID_25657323,1.0
ID_25679083,1.0
ID_25691883,1.0
ID_25725163,1.1560916841184009e-05
ID_25777643,1.0
ID_25780203,1.0
ID_25844203,1.0
ID_25858283,1.0
ID_25873643,0.9999999992575965
ID_25915883,1.0
ID_25947883,1.0
ID_25961963,1.099362568569533e-111
ID_25973483,1.0
ID_26008043,1.601853573609351e-115
ID_26032363,2.823975732350926e-92
ID_26054123,1.0
ID_26066923,0.011047831863299148
ID_26077163,1.0
ID_26088683,0.9964498562641859
ID_26115563,1.0
ID_26120683,2.549896047755479e-07
ID_26155243,1.0
ID_26173163,3.8080847963674656e-115
ID_26235883,1.0
ID_26247403,1.0
ID_26262763,0.9998198620719805
ID_26265323,1.0
ID_26293483,1.0
ID_26306283,0.9999999985535908
ID_26389483,1.0
ID_26394603,1.0
ID_26440683,4.1236667866950153e-10
ID_26447083,1.0
ID_26467563,1.0
ID_26511083,1.0
ID_26513643,9.954464631050154e-51
ID_26525163,1.0
ID_26536683,1.0
ID_26548203,1.0
ID_26567403,1.0
ID_26585323,1.0
ID_26614763,1.0
ID_26622443,1.0
ID_26637803,1.0
ID_26695403,0.9999999999979536
ID_26706923,1.0
ID_26714603,1.0
ID_26755563,1.0
ID_26801643,1.0
ID_26847723,0.0
ID_26905323,1.0
ID_26939883,1.0
ID_26966763,1.0
ID_27046123,1.0
ID_27047403,1.0
ID_27049963,1.0
ID_27073003,1.0
ID_27089643,1.0
ID_27105003,1.0
ID_27107563,1.0
ID_27112683,1.0
ID_27174123,1.0
ID_27185643,1.0
ID_27206123,1.6603164291590544e-06
ID_27222763,1.0
ID_27231723,1.7214751887137707e-198
ID_27257323,9.830334907967747e-108
ID_27259883,1.0
ID_27277803,9.533278107730896e-279
ID_27332843,1.0
ID_27355883,1.0
ID_27398123,1.0
ID_27444203,1.0
ID_27490283,1.0
ID_27533803,1.0
ID_27706603,1.0
ID_27729643,1.0
ID_27761643,2.0413534386147555e-42
ID_27765483,3.1799460215429603e-44
ID_27770603,1.0
ID_27773163,1.0
ID_27796203,1.0
ID_27832043,1.0
ID_27843563,1.0
ID_27857643,1.0
ID_27892203,1.0
ID_27899883,1.0
ID_27926763,1.0
ID_27934443,1.0
ID_27938283,1.0
ID_27984363,1.0
ID_27993323,4.925241433209028e-89
ID_28007403,1.0
ID_28094443,0.999368017786951
ID_28105963,0.9942613177812474
ID_28113643,1.0
ID_28157163,1.0
ID_28189163,1.0
ID_28299243,0.0
ID_28336363,1.0
ID_28341483,1.0
ID_28350443,1.0
ID_28399083,1.0
ID_28472043,1.0
ID_28474603,1.0
ID_28491243,1.0
ID_28515563,1.0
ID_28520683,0.9999999998628084
ID_28538603,1.32229988363499e-95
ID_28550123,0.9999999999539568
ID_28560363,1.0
ID_28573163,1.0
ID_28580843,1.0
ID_28601323,1.0
ID_28606443,1.0
ID_28661483,1.0
ID_28743403,1.0
ID_28780523,1.0
ID_28789483,1.0
ID_28857323,1.0
ID_28872683,0.0
ID_28993003,1.0
ID_29059563,1.0
ID_29190123,1.0
ID_29224683,1.0
ID_29238763,1.0
ID_29243883,1.0
ID_29255403,4.9542427549708273e-284
ID_29278443,1.0
ID_29328363,1.0
ID_29333483,1.0
ID_29336043,1.0
ID_29351403,1.0
ID_29368043,1.0
ID_29397483,1.0
ID_29556203,1.0
ID_29602283,1.0
ID_29659883,1.0
ID_29668843,1.0
ID_29676523,1.0
ID_29711083,1.0
ID_29749483,1.0
ID_29757163,1.0
ID_29768683,1.0
ID_29777643,1.0
ID_29786603,1.0
ID_29864683,1.0
ID_29869803,1.0
ID_29881323,1.0
ID_29965803,1.0
ID_29968363,1.0
ID_30081003,1.0
ID_30156523,1.0
ID_30205163,1.2918597793704602e-234
ID_30216683,1.0
ID_30224363,1.0
ID_30248683,1.0
ID_30288363,1.0
ID_30340843,1.0
ID_30470123,1.0
ID_30479083,1.0
ID_30490603,1.0
ID_30541803,1.0
ID_30554603,1.0
ID_30576363,1.0
ID_30577643,0.45335974369029874
ID_30610923,1.0
ID_30631403,1.0
ID_30649323,1.0
ID_30773483,1.0
ID_30804203,1.1073776346528077e-115
ID_30882283,1.0
ID_30896363,4.0470918564304196e-130
ID_30900203,1.0
ID_30955243,1.0
ID_30957803,0.00010739565297234069
ID_30962923,1.0
ID_30974443,3.665025790116573e-28
ID_30989803,1.0
ID_31001323,1.0
ID_31012843,2.039118399854368e-271
ID_31021803,1.0
ID_31073003,1.0
ID_31142123,1.0
ID_31171563,1.0
ID_31226603,2.220395236036179e-13
ID_31282923,1.0
ID_31286763,1.0
ID_31298283,1.413747659386035e-51
ID_31317483,1.0
ID_31352043,1.0
ID_31364843,1.0
ID_31376363,4.4858144111187075e-114
ID_31413483,1.0
ID_31427563,2.4557674730594862e-114
ID_31465963,1.0
ID_31482603,1.0
ID_31510763,1.0
ID_31514603,1.0
ID_31558123,1.0
ID_31583723,1.0
ID_31615723,1.0
ID_31721963,1.0
ID_31738603,1.0
ID_31745003,0.0
ID_31866603,1.0
ID_31885803,1.0
ID_31933163,1.0
ID_31966443,9.346475960078396e-127
ID_31975403,4.5627638188733445e-109
ID_31977963,0.0
ID_31989483,1.0
ID_31998443,1.0
ID_32108523,1.0
ID_32136683,1.0
ID_32137963,1.0
ID_32143083,1.0
ID_32172523,1.6297721640339156e-29
ID_32240363,1.0
ID_32283883,1.0
ID_32333803,1.0
ID_32347883,1.0
ID_32422123,1.0
ID_32433643,1.0
ID_32437483,1.0
ID_32451563,4.113188288014085e-13
ID_32472043,1.0
ID_32511723,1.0
ID_32515563,1.0
ID_32616683,1.0
ID_32766443,1.0
ID_32786923,1.0
ID_32820203,1.0
ID_32824043,1.0
ID_32875243,1.0
ID_32884203,1.0
ID_32923883,1.0
ID_33025003,1.0
ID_33051883,1.0
ID_33063403,1.0
ID_33072363,1.0
ID_33144043,1.0
ID_33149163,1.0
ID_33242603,1.0
ID_33254123,1.0
ID_33265643,1.0
ID_33287403,1.0
ID_33314283,1.0
ID_33406443,1.0
ID_33446123,1.0
ID_33473003,1.0
ID_33481963,1.0
ID_33484523,1.0
ID_33493483,1.0
ID_33505003,1.0
ID_33519083,1.0
ID_33542123,1.0
ID_33556203,1.0
ID_33567723,1.0
ID_33602283,1.0
ID_33698283,1.0
ID_33703403,1.0
ID_33721323,1.0
ID_33744363,7.378135491098104e-64
ID_33746923,1.0
ID_33755883,1.2425570893860012e-06
ID_33769963,1.0
ID_33800683,2.3436221659168316e-38
ID_33825003,1.239119896446204e-06
ID_33882603,1.0
ID_33901803,1.0
ID_33913323,6.5727318670384274e-21
ID_33937643,1.0
ID_33960683,1.0
ID_34005483,1.0
ID_34028523,0.0
ID_34041323,1.0
ID_34083563,1.0
ID_34095083,1.0
ID_34101483,1.0
ID_34106603,1.0
ID_34115563,1.0
ID_34121963,1.0
ID_34129643,1.0
ID_34141163,1.0
ID_34177003,1.4290509160436854e-142
ID_34193643,1.0
ID_34210283,1.0
ID_34230763,1.0
ID_34294763,1.0
ID_34306283,1.0
ID_34345963,1.0
ID_34349803,1.0
ID_34361323,1.0
ID_34369003,1.0
ID_34380523,1.4046977888107293e-126
ID_34392043,1.0
ID_34438123,1.0
ID_34439403,1.6835766380411028e-161
ID_34447083,1.0
ID_34462443,1.0
ID_34472683,1.0
ID_34484203,1.0
ID_34557163,1.0
ID_34655723,0.0
ID_34697963,1.0
ID_34700523,8.186782906233273e-262
ID_34715883,1.0
ID_34747883,1.0
ID_34750443,1.0
ID_34825963,1.0
ID_34840043,1.0
ID_34859243,1.0
ID_34870763,1.0
ID_34905323,1.0
ID_34909163,1.0
ID_34920683,1.0
ID_34983403,1.0
ID_34994923,1.0
ID_35010283,1.0
ID_35070443,3.164716019158121e-18
ID_35079403,1.0
ID_35088363,1.0
ID_35090923,1.0
ID_35116523,1.0
ID_35148523,1.0
ID_35157483,1.0
ID_35249643,1.0
ID_35280363,1.0
ID_35281643,1.0
ID_35295723,1.0
ID_35307243,1.0
ID_35407083,1.0
ID_35419883,1.0
ID_35457003,1.0
ID_35465963,1.0
ID_35512043,1.0
ID_35514603,1.0
ID_35567083,0.999999999998181
ID_35627243,1.0
ID_35636203,1.0
ID_35693803,1.0
ID_35725803,8.156686422046205e-28
ID_35728363,1.0
ID_35768043,1.0
ID_35777003,1.0
ID_35805163,0.0
ID_35834603,1.0
ID_35869163,1.0
ID_35976683,1.0
ID_35988203,1.0
ID_35990763,1.0
ID_36002283,1.0
ID_36022763,1.0
ID_36039403,1.0
ID_36044523,1.0
ID_36050923,4.192819454439884e-83
ID_36059883,1.0
ID_36099563,1.0
ID_36108523,1.0
ID_36120043,1.0
ID_36181483,1.0
ID_36191723,1.0
ID_36204523,1.0
ID_36237803,1.0
ID_36241643,1.0
ID_36262123,1.0
ID_36287723,1.0
ID_36308203,1.0
ID_36336363,1.0
ID_36393963,1.0
ID_36408043,1.0
ID_36411883,1.0
ID_36419563,1.0
ID_36420843,1.0
ID_36443883,0.9890735755674525
ID_36469483,1.0
ID_36504043,6.576994592667489e-109
ID_36524523,1.0
ID_36538603,1.0
ID_36546283,1.0
ID_36598763,1.0
ID_36624363,1.0
ID_36660203,1.0
ID_36670443,1.0
ID_36685803,1.0
ID_36690923,1.0
ID_36697323,1.0
ID_36751083,0.9999999999999147
ID_36763883,1.0
ID_36817643,1.0
ID_36852203,1.0
ID_36856043,1.0
ID_36875243,1.0
ID_36890603,1.0
ID_36945643,1.0
ID_37001963,1.0
ID_37010923,2.5489334409626492e-107
ID_37091563,1.0
ID_37103083,1.0
ID_37109483,1.0
ID_37138923,0.992583030719022
ID_37141483,1.0
ID_37158123,1.444545493775749e-116
ID_37161963,1.0
ID_37185003,1.0
ID_37296363,1.0
ID_37307883,1.0
ID_37309163,2.3278954287610474e-34
ID_37314283,1.0
ID_37320683,1.0
ID_37325803,1.0
ID_37342443,1.0
ID_37353963,1.0
ID_37406443,1.0
ID_37441003,1.0
ID_37446123,1.0
ID_37481963,1.0
ID_37489643,2.5192069406981586e-19
ID_37558763,1.0
ID_37576683,1.0
ID_37585643,1.0
ID_37639403,1.0
ID_37640683,1.0
ID_37645803,1.0
ID_37654763,1.0
ID_37682923,1.0
ID_37717483,1.0
ID_37763563,1.4087493838985425e-112
ID_37775083,1.0
ID_37790443,1.0
ID_37809643,1.0
ID_37848043,1.0
ID_37864683,1.0
ID_37867243,1.0
ID_37919723,1.0
ID_37933803,3.18148468093024e-22
ID_37940203,3.5211868224674884e-86
ID_37974763,1.0
ID_38037483,1.0
ID_38041323,1.0
ID_38050283,1.0
ID_38072043,1.0
ID_38083563,1.0
ID_38104043,1.0
ID_38119403,1.0
ID_38150123,1.1242178934626134e-219
ID_38184683,1.0
ID_38220523,1.0
ID_38237163,2.8838477908752973e-268
ID_38331883,1.0
ID_38347243,1.0
ID_38363883,1.0
ID_38441963,1.0
ID_38497003,1.0
ID_38517483,1.0
ID_38522603,1.0
ID_38617323,1.0
ID_38632683,1.0
ID_38649323,1.0
ID_38653163,1.0
ID_38764523,1.0
ID_38770923,1.0
ID_38776043,1.0
ID_38791403,1.729319442206064e-14
ID_38828523,1.0
ID_38833643,1.0
ID_38865643,1.0
ID_38868203,1.0
ID_38952683,1.0
ID_38998763,1.0
ID_39021803,1.0
ID_39044843,1.0
ID_39113963,1.0
ID_39153643,1.0
ID_39169003,1.0
ID_39171563,1.0
ID_39177963,1.0
ID_39192043,2.8020650911840116e-106
ID_39258603,1.0
ID_39275243,1.0
ID_39289323,1.0
ID_39323883,1.0
ID_39353323,1.0
ID_39358443,1.0
ID_39362283,1.0
ID_39371243,1.0
ID_39448043,1.0
ID_39462123,1.0
ID_39505643,1.0
ID_39523563,0.0
ID_39620843,1.0
ID_39655403,1.0
ID_39659243,1.0
ID_39668203,1.0
ID_39716843,1.0
ID_39751403,1.0
ID_39762923,1.0
ID_39765483,1.0
ID_39806443,1.0
ID_39984363,1.0
ID_40057323,1.0
ID_40112363,1.0
ID_40122603,1.0
ID_40129003,1.0842359348706624e-129
ID_40145643,1.0
ID_40193003,1.0
ID_40258283,1.0
ID_40331243,1.0
ID_40333803,2.8210855874167173e-111
ID_40347883,1.0
ID_40379883,1.0
ID_40396523,1.0
ID_40423403,1.0
ID_40555243,1.0
ID_40578283,1.0
ID_40593643,1.0
ID_40612843,1.0
ID_40692203,1.0
ID_40760043,1.0
ID_40780523,1.0
ID_40806123,1.4238434485615434e-143
ID_40809963,1.0
ID_40830443,1.0
ID_40847083,1.6829424758815647e-117
ID_40904683,1.0
ID_40954603,1.0
ID_40994283,1.0
ID_41000683,0.0
ID_41003243,1.0
ID_41014763,1.0
ID_41074923,1.0
ID_41077483,7.157506791618113e-138
ID_41193963,1.0
ID_41231083,1.0
ID_41274603,1.0
ID_41291243,5.137068205622264e-23
ID_41348843,2.3612118925754376e-23
ID_41364203,2.8120231896803326e-30
ID_41375723,1.0
ID_41380843,1.0
ID_41401323,0.0
ID_41412843,1.0
ID_41490923,1.0
ID_41521643,1.0
ID_41548523,1.0
ID_41594603,1.0
ID_41603563,1.0
ID_41615083,1.508174080125165e-124
ID_41649643,0.9824866438664217
ID_41672683,1.0
ID_41675243,1.0
ID_41694443,1.0
ID_41705963,1.0
ID_41712363,1.028026427554074e-221
ID_41721323,6.331197296124432e-41
ID_41749483,1.0
ID_41772523,1.0
ID_41801963,1.0
ID_41807083,1.0
ID_41833963,1.0
ID_41853163,1.0
ID_41899243,1.0
ID_41977323,1.0
ID_41988843,1.0
ID_42000363,1.0
ID_42006763,1.0
ID_42015723,1.0
ID_42023403,1.0
ID_42027243,1.0
ID_42127083,1.0
ID_42136043,1.0
ID_42142443,0.0
ID_42159083,1.0
ID_42188523,1.0
ID_42193643,1.0
ID_42225643,1.0
ID_42248683,1.0
ID_42262763,1.0
ID_42274283,1.0
ID_42275563,1.0
ID_42280683,1.0
ID_42303723,1.0
ID_42329323,1.0
ID_42379243,0.0
ID_42409963,1.0
ID_42416363,1.0
ID_42467563,1.0
ID_42471403,1.0
ID_42476523,1.0
ID_42559723,1.0
ID_42575083,1.0
ID_42630123,1.0
ID_42640363,1.0
ID_42649323,1.0
ID_42701803,1.0
ID_42722283,0.0
ID_42741483,1.0
ID_42777323,2.331083989278956e-208
ID_42788843,1.0
ID_42854123,1.0
ID_42868203,1.0
ID_42869483,8.999765368361979e-129
ID_42877163,1.0
ID_42932203,1.0
ID_43070443,1.0
ID_43175403,1.0
ID_43198443,1.0
ID_43220203,1.0
ID_43233003,0.998161834360554
ID_43252203,2.2700882199124336e-17
ID_43313643,1.0
ID_43348203,1.0
ID_43376363,1.0
ID_43382763,1.0
ID_43419883,1.0
ID_43489003,1.0
ID_43512043,1.0
ID_43564523,1.0
ID_43572203,7.361173924965211e-81
ID_43610603,1.0
ID_43615723,1.0
ID_43677163,0.9999987573876628
ID_43702763,1.0
ID_43733483,2.619869030033439e-124
ID_43748843,1.0
ID_43760363,1.0
ID_43783403,1.0
ID_43788523,1.0
ID_43794923,1.0
ID_43873003,9.042246509394442e-114
ID_43881963,1.0
ID_43896043,1.0
ID_43928043,1.0
ID_43930603,1.0
ID_43953643,1.0
ID_43972843,1.0
ID_43988203,1.0
ID_44062443,1.0
ID_44086763,1.0
ID_44108523,1.0
ID_44144363,0.9999999549114601
ID_44186603,1.0
ID_44189163,1.0
ID_44207083,1.0
ID_44216043,1.0
ID_44232683,1.0
ID_44236523,1.0
ID_44314603,1.0
ID_44317163,0.0
ID_44326123,1.0
ID_44359403,1.0
ID_44360683,1.0
ID_44374763,1.0
ID_44382443,1.0
ID_44397803,1.0
ID_44405483,1.0
ID_44452843,1.0
ID_44510443,1.0
ID_44518123,1.0
ID_44521963,1.0
ID_44545003,1.0
ID_44553963,1.0
ID_44577003,1.113267457517151e-89
ID_44579563,1.0
ID_44642283,1.2099881526647956e-79
ID_44646123,0.0
ID_44667883,1.0
ID_44676843,1.0
ID_44770283,8.804641264508397e-85
ID_44816363,0.999999999998181
ID_44849643,1.0
ID_44856043,1.0
ID_44893163,1.0
ID_44973803,1.0
ID_44977643,1.0
ID_44989163,1.0
ID_45021163,1.0
ID_45058283,1.0
ID_45077483,1.0
ID_45100523,1.0
ID_45178603,1.0
ID_45199083,0.0
ID_45217003,1.0
ID_45237483,1.0
ID_45247723,1.0
ID_45251563,1.0
ID_45260523,5.073099352463673e-10
ID_45272043,0.9999999999982663
ID_45282283,1.0
ID_45352683,1.0
ID_45410283,1.0
ID_45412843,1.0
ID_45525483,1.0
ID_45556203,1.0
ID_45649643,0.9999996927381193
ID_45668843,1.0
ID_45735403,4.029544474126881e-115
ID_45750763,1.0
ID_45776363,1.0
ID_45831403,2.307374601157845e-24
ID_45839083,1.0
ID_45865963,6.9404060359621645e-127
ID_45868523,1.0
ID_45903083,1.0
ID_45931243,1.0
ID_45942763,1.0
ID_45972203,1.0
ID_45974763,1.0
ID_46000363,1.0
ID_46004203,4.267005344979359e-117
ID_46029803,1.0
ID_46105323,1.909701680850037e-08
ID_46188523,0.0
ID_46251243,1.0
ID_46312683,1.0
ID_46358763,1.0
ID_46444523,1.0
ID_46459883,1.0
ID_46514923,1.0
ID_46595563,1.0
ID_46637803,1.0
ID_46653163,1.0
ID_46687723,1.0
ID_46722283,1.0
ID_46750443,1.0
ID_46895083,1.0
ID_46934763,1.0
ID_46955243,1.0
ID_46959083,1.0
ID_46966763,1.0
ID_47001323,1.0
ID_47016683,1.0
ID_47037163,1.0
ID_47048683,1.0
ID_47065323,1.0
ID_47125483,1.0
ID_47129323,1.0
ID_47139563,1.0
ID_47177963,9.056335743675939e-79
ID_47226603,1.0
ID_47247083,1.0
ID_47263723,1.0
ID_47288043,2.1615236197840633e-148
ID_47295723,1.0
ID_47299563,0.9562522996973474
ID_47309803,1.0
ID_47336683,1.0
ID_47376363,1.0
ID_47449323,1.0
ID_47468523,1.0
ID_47486443,1.0
ID_47492843,1.0
ID_47504363,1.0
ID_47550443,1.0
ID_47619563,4.418379102307124e-254
ID_47661803,1.0
ID_47720683,1.0
ID_47737323,1.0
ID_47753963,1.0
ID_47757803,1.0
ID_47778283,1.0
ID_47803883,1.0
ID_47835883,1.0
ID_47887083,1.0
ID_47889643,1.0
ID_47912683,1.0
ID_47935723,1.0
ID_47962603,1.0
ID_47999723,1.0
ID_48006123,1.0
ID_48163563,1.0
ID_48210923,1.0
ID_48213483,1.0
ID_48218603,1.0
ID_48225003,8.064161169347175e-280
ID_48322283,5.548890555747032e-129
ID_48369643,1.0
ID_48460523,1.0
ID_48473323,1.0
ID_48556523,1.0
ID_48619243,1.0
ID_48637163,0.0
ID_48662763,1.0
ID_48676843,1.0
ID_48688363,1.0
ID_48701163,1.0
ID_48706283,1.0
ID_48784363,1.0
ID_48816363,0.99999999863428
ID_48825323,7.049722125805613e-29
ID_48847083,1.0
ID_48850923,1.0
ID_48929003,1.0
ID_49009643,1.0
ID_49053163,1.0
ID_49078763,1.0
ID_49104363,1.0
ID_49121003,1.0
ID_49147883,1.0
ID_49167083,1.0
ID_49170923,1.0
ID_49173483,0.0
ID_49196523,0.0
ID_49311723,1.0
ID_49352683,1.0
ID_49419243,1.635838675118735e-110
ID_49473003,1.0
ID_49531883,1.0
ID_49599723,1.0
ID_49603563,1.0
ID_49635563,1.0
ID_49647083,1.0
ID_49661163,1.0
ID_49684203,1.0
ID_49713643,1.0
ID_49727723,1.0
ID_49782763,1.2899821823439282e-83
ID_49785323,1.0
ID_49796843,1.0
ID_49810923,1.0
ID_49940203,1.0
ID_49963243,1.0
ID_50004203,1.0
ID_50020843,1.0
ID_50047723,1.0
ID_50079723,1.0
ID_50082283,1.0
ID_50110443,1.0
ID_50121963,1.0
ID_50169323,0.0
ID_50229483,1.0
ID_50381803,1.0
ID_50418923,5.746705730642837e-73
ID_50436843,1.0
ID_50445803,1.0
ID_50448363,1.0695622273966283e-278
ID_50466283,5.52155442801667e-52
ID_50480363,1.0
ID_50489323,1.0
ID_50499563,1.0
ID_50543083,1.0
ID_50705643,1.0
ID_50750443,1.0
ID_50751723,1.0
ID_50777323,1.0
ID_50802923,1.0
ID_50897643,1.0
ID_50910443,0.9999999988248476
ID_50938603,1.0
ID_50941163,1.0
ID_50947563,1.0
ID_50989803,1.0
ID_51117803,1.0
ID_51145963,1.0
ID_51171563,1.0
ID_51189483,1.0
ID_51276523,1.0
ID_51334123,1.0
ID_51336683,1.0
ID_51399403,1.0
ID_51417323,1.0
ID_51445483,1.0
ID_51492843,1.3933183275773566e-112
ID_51561963,1.0
ID_51593963,1.0
ID_51720683,0.9999999980630037
ID_51764203,1.0
ID_51778283,1.0
ID_51780843,1.0
ID_51797483,1.0
ID_51820523,1.0
ID_51843563,6.072171844130371e-48
ID_51889643,1.0
ID_51910123,1.0
ID_51985643,1.0
ID_52029163,1.0
ID_52052203,1.0
ID_52089323,1.1549097241571143e-111
ID_52118763,1.0
ID_52130283,1.0
ID_52176363,1.0
ID_52230123,1.0
ID_52245483,1.0
ID_52322283,1.0
ID_52372203,1.0
ID_52377323,1.0
ID_52411883,1.0
ID_52441323,1.0
ID_52446443,1.0
ID_52459243,1.0
ID_52515563,1.0
ID_52562923,1.0
ID_52565483,1.0
ID_52588523,1.0
ID_52712683,1.0
ID_52733163,0.9999999999999147
ID_52777963,1.0
ID_52821483,1.0
ID_52848363,1.0
ID_52885483,1.269436676441594e-15
ID_52905963,7.221825804145867e-26
ID_52917483,1.0
ID_52961003,0.0
ID_52963563,1.0
ID_52998123,1.0
ID_53007083,1.0
ID_53037803,1.0
ID_53081323,1.0
ID_53095403,1.0
ID_53119723,1.0
ID_53176043,1.0
ID_53214443,1.0
ID_53222123,1.0
ID_53234923,1.0
ID_53277163,1.0
ID_53323243,1.323618427802136e-90
ID_53334763,1.0
ID_53347563,1.0
ID_53421803,1.0
ID_53424363,1.0
ID_53473003,3.161252519076567e-99
ID_53479403,1.0
ID_53522923,1.0
ID_53539563,1.0
ID_53566443,1.0
ID_53790443,1.0
ID_53882603,1.0
ID_53894123,1.0
ID_53972203,4.1017492614693894e-19
ID_53990123,1.0
ID_54010603,1.0
ID_54045163,3.8973074711563527e-230
ID_54054123,1.0
ID_54075883,1.0
ID_54105323,1.0
ID_54162923,1.0
ID_54183403,1.0
ID_54235883,1.0
ID_54264043,1.0
ID_54326763,1.0
ID_54328043,0.9999991029679096
ID_54353643,1.0
ID_54427883,1.0
ID_54436843,1.0
ID_54463723,1.0
ID_54486763,1.0
ID_54543083,1.0
ID_54558443,1.0
ID_54581483,1.0
ID_54613483,1.0
ID_54644203,1.0
ID_54701803,1.0
ID_54756843,1.0
ID_54765803,1.0
ID_54770923,3.5642871847463724e-09
ID_54777323,1.0
ID_54783723,1.0
ID_54788843,1.0
ID_54809323,1.0
ID_54820843,1.0
ID_54849003,3.264507394458996e-17
ID_54895083,1.0
ID_54919403,1.0
ID_54979563,1.0
ID_54998763,1.0
ID_55056363,5.422769491721734e-28
ID_55115243,1.0
ID_55138283,1.0
ID_55158763,1.0
ID_55169003,3.0580681259455618e-12
ID_55180523,1.0
ID_55181803,0.99942419589623
ID_55218923,1.0
ID_55241963,1.0
ID_55276523,5.940092991345053e-33
ID_55284203,1.0
ID_55304683,1.0
ID_55350763,1.0
ID_55389163,1.0
ID_55396843,1.0
ID_55421163,1.0
ID_55469803,1.0
ID_55472363,1.0
ID_55489003,1.0
ID_55570923,0.9999983600580808
ID_55602923,1.0
ID_55605483,0.0
ID_55654123,3.781615476724062e-272
ID_55672043,1.0
ID_55686123,1.0
ID_55697643,1.0
ID_55760363,1.0
ID_55787243,1.0
ID_55794923,1.9016301625622518e-102
ID_55815403,1.0
ID_55833323,1.0
ID_55844843,1.0
ID_55905003,6.578876045758613e-127
ID_55962603,1.0
ID_56146923,1.0
ID_56213483,1.0
ID_56219883,5.400845368459957e-116
ID_56259563,1.0
ID_56319723,1.0
ID_56358123,1.0
ID_56473323,1.0
ID_56559083,1.0
ID_56574443,1.0
ID_56588523,1.0
ID_56611563,1.0
ID_56628203,1.0
ID_56643563,1.0
ID_56648683,1.0
ID_56666603,1.0
ID_56671723,1.0
ID_56703723,1.0
ID_56717803,1.0
ID_56744683,1.0
ID_56798443,1.0
ID_56804843,3.7869762686837913e-115
ID_56836843,1.0
ID_56926443,1.0
ID_56957163,1.0
ID_57012203,0.0
ID_57018603,1.0
ID_57064683,1.0
ID_57083883,1.0
ID_57214443,1.0
ID_57240043,1.0
ID_57257963,1.0
ID_57265643,0.0
ID_57283563,1.0
ID_57304043,1.0
ID_57320683,1.0
ID_57332203,1.0
ID_57378283,1.0
ID_57416683,1.0
ID_57462763,1.0
ID_57474283,1.0
ID_57531883,1.0
ID_57629163,1.0
ID_57630443,1.0
ID_57759723,1.0
ID_57858283,1.0
ID_57886443,1.0
ID_57904363,1.0
ID_57985003,1.0
ID_58015723,0.0
ID_58027243,1.0
ID_58047723,1.0
ID_58054123,0.0
ID_58061803,1.0
ID_58091243,1.0
ID_58109163,1.0
ID_58120683,8.244087194019636e-14
ID_58137323,0.0
ID_58142443,1.0
ID_58169323,1.0
ID_58201323,1.0
ID_58215403,1.0
ID_58220523,1.0
ID_58301163,1.0
ID_58316523,1.0
ID_58351083,1.0
ID_58406123,1.0
ID_58413803,1.0
ID_58463723,1.0
ID_58480363,1.0
ID_58532843,1.0
ID_58553323,1.0
ID_58563563,1.0
ID_58601963,1.0
ID_58607083,6.798240663898353e-11
ID_58609643,1.0
ID_58630123,1.0
ID_58737643,1.0
ID_58802923,1.0
ID_58815723,1.0
ID_58864363,1.0
ID_58872043,1.0
ID_58884843,1.0
ID_58898923,1.0
ID_58956523,1.0
ID_58965483,1.0
ID_59014123,1.324112377118165e-271
ID_59042283,1.0
ID_59043563,1.0
ID_59046123,1.0
ID_59094763,1.0
ID_59154923,1.0
ID_59177963,1.0
ID_59218923,1.0
ID_59297003,1.0
ID_59304683,1.0
ID_59320043,1.0
ID_59336683,3.4259129499342585e-09
ID_59354603,1.0
ID_59409643,1.0
ID_59430123,1.0
ID_59440363,1.0
ID_59458283,1.0
ID_59481323,1.0
ID_59486443,1.0
ID_59490283,1.0
ID_59579883,1.0
ID_59587563,6.891229282855411e-115
ID_59599083,1.0
ID_59637483,1.0
ID_59656683,1.0
ID_59683563,1.0
ID_59732203,1.0
ID_59775723,1.0
ID_59803883,1.0
ID_59810283,1.0
ID_59844843,1.0
ID_59885803,1.0
ID_59911403,1.0
ID_59913963,1.0
ID_59937003,1.0
ID_59989483,0.0
ID_60008683,0.0
ID_60015083,1.0
ID_60031723,1.0
ID_60066283,1.0
ID_60093163,1.0
ID_60112363,1.0
ID_60113643,1.0
ID_60162283,1.0
ID_60193003,0.9999999996227587
ID_60196843,3.6565997290301094e-229
ID_60216043,1.0
ID_60265963,1.0
ID_60329963,1.5272356862389978e-27
ID_60335083,1.0
ID_60341483,1.0
ID_60369643,1.0
ID_60374763,1.0
ID_60390123,1.0
ID_60401643,0.0
ID_60420843,1.0
ID_60468203,1.0
ID_60548843,7.000318770904757e-264
ID_60560363,1.0
ID_60571883,1.0
ID_60592363,1.0
ID_60603883,0.12034865282504935
ID_60625643,1.0
ID_60637163,2.6058002219567023e-09
ID_60652523,1.0
ID_60666603,1.0
ID_60698603,1.0
ID_60715243,1.0
ID_60724203,1.0839488885643141e-245
ID_60761323,1.0
ID_60767723,1.0
ID_60772843,1.0
ID_60854763,1.0
ID_60966123,1.41632305099852e-125
ID_60981483,1.0
ID_60993003,1.354768530356584e-57
ID_61000683,1.0
ID_61016043,1.0
ID_61023723,1.0
ID_61025003,1.0
ID_61048043,1.0
ID_61085163,1.0
ID_61101803,1.0
ID_61104363,1.0
ID_61127403,1.0
ID_61168363,1.0
ID_61177323,1.0
ID_61217003,1.0
ID_61225963,1.0
ID_61228523,1.0
ID_61297643,1.0
ID_61378283,1.0
ID_61382123,1.0
ID_61398763,1.0
ID_61492203,1.0
ID_61525483,1.0
ID_61563883,1.0
ID_61621483,1.0
ID_61734123,1.0
ID_61768683,1.0
ID_61777643,1.0
ID_61837803,1.0
ID_61923563,2.252378503177223e-15
ID_61946603,1.0
ID_61958123,0.9986626318955499
ID_61978603,3.7777570172271083e-270
ID_61993963,1.0
ID_62005483,3.0394700809660905e-21
ID_62065643,1.0
ID_62070763,1.846580024454177e-83
ID_62082283,1.0
ID_62123243,1.0
ID_62166763,1.0
ID_62209003,1.0
ID_62212843,1.0
ID_62215403,1.0
ID_62220523,1.0
ID_62226923,1.0
ID_62243563,1.0
ID_62278123,1.0
ID_62313963,0.0
ID_62321643,1.0
ID_62333163,1.0
ID_62357483,1.0
ID_62390763,1.0
ID_62406123,1.0
ID_62408683,1.0
ID_62417643,4.500131001688045e-63
ID_62514923,1.0
ID_62544363,1.0
ID_62596843,1.0
ID_62599403,1.0
ID_62608363,1.0
ID_62625003,1.0
ID_62631403,0.5688155416549224
ID_62676203,1.4400695805952128e-172
ID_62783723,1.0
ID_62836203,1.0
ID_62857963,1.0
ID_62864363,1.0
ID_62870763,0.999999999940627
ID_62884843,1.0
ID_62916843,1.0
ID_62928363,3.7666249241134753e-87
ID_62942443,1.0
ID_63016683,1.0
ID_63023083,1.0
ID_63046123,1.0
ID_63055083,1.0
ID_63149803,1.0
ID_63181803,1.0
ID_63291883,1.0
ID_63314923,0.9989814839155275
ID_63326443,4.910204552175989e-180
ID_63336683,1.0
ID_63359723,1.0
ID_63363563,1.1926961476920507e-75
ID_63407083,1.0
ID_63412203,1.0
ID_63446763,1.0
ID_63487723,1.0
ID_63508203,1.0
ID_63565803,1.0
ID_63577323,1.0
ID_63625963,1.0
ID_63665643,1.0
ID_63711723,1.1201092612517418e-113
ID_63747563,1.0
ID_63757803,1.0
ID_63784683,1.0
ID_63792363,1.0
ID_63805163,1.0
ID_63815403,1.0
ID_63830763,1.0
ID_63849963,1.0
ID_63865323,1.0
ID_63905003,1.0
ID_63939563,1.0
ID_63975403,1.0
ID_63989483,1.0
ID_64003563,1.0
ID_64015083,1.0
ID_64033003,1.0987168001448397e-83
ID_64093163,1.0
ID_64116203,1.0
ID_64159723,0.9999808826616897
ID_64190443,1.0
ID_64237803,0.3052488859399786
ID_64249323,1.0
ID_64295403,1.0
ID_64305643,1.0
ID_64314603,1.0
ID_64321003,1.0
ID_64441323,1.0
ID_64487403,1.0
ID_64548843,1.0
ID_64597483,1.0
ID_64615403,1.0
ID_64649963,1.0
ID_64658923,1.0
ID_64692203,1.0
ID_64701163,1.0
ID_64747243,1.4666838032675936e-12
ID_64820203,1.0
ID_64840683,1.0
ID_64873963,1.0
ID_64917483,1.0
ID_64946923,1.0
ID_64961003,1.0
ID_65027563,1.0
ID_65036523,1.0
ID_65050603,1.0
ID_65082603,1.0
ID_65105643,1.3213421590048378e-305
ID_65117163,1.0
ID_65137643,0.999999999983288
ID_65186283,1.0
ID_65191403,1.0
ID_65243883,1.0
ID_65287403,1.0
ID_65292523,1.0
ID_65307883,1.0
ID_65338603,2.950820284274415e-111
ID_65402603,1.0
ID_65437163,1.0
ID_65529323,1.0
ID_65572843,1.0
ID_65673963,1.0
ID_65697003,1.0
ID_65708523,1.0
ID_65740523,1.0
ID_65745643,2.7821917887977633e-274
ID_65762283,1.0
ID_65775083,1.0
ID_65819883,1.0
ID_65858283,1.0
ID_65883883,1.0
ID_65947883,1.0
ID_65967083,1.0
ID_65968363,1.0
ID_65985003,1.0
ID_65990123,1.0
ID_66047723,1.0
ID_66054123,1.0
ID_66060523,1.0
ID_66068203,1.0
ID_66148843,1.0
ID_66157803,1.0
ID_66171883,1.0
ID_66196203,1.0
ID_66256363,1.0
ID_66270443,1.0
ID_66321643,1.0
ID_66339563,1.0
ID_66415083,1.0
ID_66417643,1.0
ID_66420203,1.0
ID_66434283,1.0
ID_66440683,1.0
ID_66458603,1.0
ID_66475243,2.9618540577907163e-281
ID_66504683,0.0
ID_66523883,1.0
ID_66526443,1.0
ID_66541803,1.0
ID_66573803,1.0
ID_66585323,0.0
ID_66636523,1.0
ID_66639083,1.0
ID_66703083,0.0
ID_66714603,1.0
ID_66749163,1.0
ID_66777323,1.0
ID_66804203,1.8433181040841126e-20
ID_66815723,1.0
ID_66818283,3.89661436341152e-275
ID_66855403,6.816948093244494e-14
ID_66873323,1.0
ID_66891243,1.0
ID_66913003,1.0
ID_66956523,1.0
ID_66970603,1.0
ID_66985963,1.0
ID_67032043,1.0
ID_67080683,1.744403965122387e-16
ID_67083243,1.0
ID_67121643,1.0
ID_67144683,1.0
ID_67190763,1.0
ID_67230443,1.0
ID_67280363,1.0
ID_67285483,1.0
ID_67303403,1.0
ID_67317483,1.0
ID_67380203,1.0
ID_67409643,1.0
ID_67453163,1.0
ID_67504363,1.0
ID_67527403,1.0
ID_67565803,1.0
ID_67619563,0.0
ID_67625963,1.0
ID_67631083,0.0
ID_67718123,1.0
ID_67724523,1.0
ID_67747563,1.0
ID_67759083,1.0
ID_67770603,1.0
ID_67805163,1.0
ID_67847403,1.0
ID_67851243,1.0
ID_67862763,1.0
ID_67871723,1.0
ID_67876843,1.0
ID_68007403,1.0
ID_68033003,1.0
ID_68056043,1.0
ID_68072683,1.0
ID_68203243,1.0
ID_68228843,1.0
ID_68258283,4.8883672889392855e-281
ID_68263403,1.0
ID_68295403,1.0
ID_68315883,1.0
ID_68353003,1.0
ID_68392683,1.6586329311656536e-233
ID_68408043,1.0
ID_68438763,1.0
ID_68463083,1.0
ID_68474603,1.0
ID_68486123,1.0
ID_68516843,1.0
ID_68519403,1.0
ID_68532203,1.0
ID_68565483,1.0
ID_68666603,1.0
ID_68748523,1.0
ID_68753643,1.0
ID_68820203,1.0
ID_68909803,1.0
ID_68917483,1.0
ID_68918763,5.007820286516985e-121
ID_68923883,1.0
ID_68940523,1.0
ID_68952043,1.0
ID_68955883,1.0
ID_68981483,1.0
ID_68990443,1.0
ID_69007083,7.240952919234948e-108
ID_69169643,1.0
ID_69177323,1.0
ID_69197803,4.577520035990137e-30
ID_69283563,1.0
ID_69359083,1.0
ID_69388523,1.0
ID_69442283,1.0
ID_69446123,1.0
ID_69503723,1.0
ID_69508843,1.0
ID_69547243,1.0
ID_69572843,1.0
ID_69616363,1.0
ID_69641963,1.0
ID_69650923,0.0
ID_69681643,1.0
ID_69682923,1.0
ID_69705963,2.216592720012446e-123
ID_69713643,1.0
ID_69851883,2.74277771894089e-22
ID_69883883,1.0
ID_69944043,1.0
ID_69959403,1.0
ID_70072043,9.99800791433105e-40
ID_70102763,0.9999971948080438
ID_70106603,1.0
ID_70123243,1.0
ID_70137323,1.0
ID_70155243,1.0
ID_70157803,1.687102715007401e-22
ID_70207723,1.0
ID_70219243,1.0
ID_70238443,1.0
ID_70244843,1.0
ID_70354923,1.0
ID_70513643,1.0
ID_70527723,1.0
ID_70532843,1.0
ID_70550763,1.0
ID_70555883,1.0
ID_70753003,1.0
ID_70774763,1.0
ID_70799083,1.0
ID_70810603,1.0
ID_70847723,1.0
ID_70864363,1.0
ID_70919403,1.0
ID_70921963,1.0
ID_70957803,1.0
ID_71000043,1.0
ID_71034603,1.0
ID_71052523,2.5963673983548905e-114
ID_71071723,3.596000153731173e-77
ID_71075563,1.0
ID_71103723,1.0
ID_71142123,1.0
ID_71172843,1.0
ID_71174123,1.0
ID_71179243,1.0
ID_71243243,1.0
ID_71282923,1.0
ID_71300843,1.0
ID_71303403,1.0
ID_71400683,1.0
ID_71413483,1.0
ID_71453163,1.0
ID_71455723,1.0
ID_71471083,1.0
ID_71504363,1.0
ID_71522283,7.055356237998356e-131
ID_71538923,1.0
ID_71547883,1.0
ID_71588843,0.0
ID_71674603,1.0
ID_71732203,1.0
ID_71752683,1.0
ID_71770603,1.0
ID_71833323,1.0
ID_71846123,1.0
ID_71857643,1.0
ID_71871723,1.0
ID_71894763,0.999999999153431
ID_71903723,0.9999999963343384
ID_71948523,1.0
ID_71971563,1.0
ID_71983083,0.0
ID_72030443,1.0
ID_72038123,1.0
ID_72111083,1.0
ID_72125163,1.0
ID_72130283,0.9999993660250956
ID_72176363,1.0
ID_72254443,1.0
ID_72258283,1.0
ID_72281323,1.0
ID_72312043,1.0
ID_72335083,1.0
ID_72346603,1.0
ID_72347883,1.1201970427576185e-157
ID_72359403,1.0
ID_72382443,9.211037777994428e-12
ID_72424683,1.0
ID_72470763,1.0
ID_72497643,1.0
ID_72569323,5.090853577883154e-272
ID_72585963,1.0
ID_72589803,1.0
ID_72609003,1.0
ID_72610283,1.0
ID_72655083,1.0
ID_72656363,1.0
ID_72670443,1.0
ID_72675563,1.0
ID_72698603,1.0
ID_72820203,1.0
ID_72825323,1.0
ID_72836843,1.4619116969340191e-67
ID_72848363,1.0
ID_72861163,1.0
ID_72875243,1.0
ID_72898283,1.0
ID_72967403,1.0
ID_72973803,5.1897104393714834e-30
ID_72995563,1.0
ID_73001963,1.0
ID_73010923,1.0
ID_73033963,1.0
ID_73054443,1.0
ID_73065963,1.0
ID_73068523,1.0
ID_73131243,1.0
ID_73281003,1.0
ID_73353963,1.9464531773607166e-34
ID_73359083,1.0
ID_73370603,9.192055814839196e-164
ID_73423083,1.0
ID_73451243,1.0
ID_73455083,1.0
ID_73533163,1.0
ID_73535723,1.0
ID_73575403,1.0
ID_73648363,1.0
ID_73656043,1.0
ID_73679083,1.0
ID_73691883,0.993762121941206
ID_73714923,5.5158704345133575e-160
ID_73729003,1.0
ID_73775083,1.0
ID_73805803,1.0
ID_73858283,0.9999999999998863
ID_73876203,1.5527712387395332e-15
ID_73896683,1.0
ID_73929963,7.190801497503298e-13
ID_73973483,1.0
ID_73999083,1.0
ID_74014443,1.0
ID_74057963,1.0
ID_74065643,1.0
ID_74072043,1.0
ID_74081003,1.0
ID_74104043,1.0
ID_74113003,1.0
ID_74115563,1.0
ID_74136043,1.0
ID_74147563,0.03879753366049581
ID_74157803,1.0
ID_74207723,1.0
ID_74212843,1.0
ID_74230763,1.0
ID_74233323,1.0
ID_74258923,1.0
ID_74262763,1.0
ID_74369003,1.0
ID_74443243,1.0
ID_74536683,1.0
ID_74610923,1.0
ID_74636523,1.0
ID_74654443,1.0
ID_74718443,1.0
ID_74787563,1.0
ID_74831083,0.6466928053504915
ID_74887403,1.0
ID_74898923,1.0
ID_74925803,1.0
ID_74942443,1.0
ID_74946283,1.0
ID_74980843,1.0
ID_74992363,1.0
ID_75003883,1.0
ID_75023083,1.0
ID_75101163,1.0
ID_75105003,1.0
ID_75199723,1.0
ID_75211243,1.0
ID_75254763,1.0
ID_75277803,1.0
ID_75291883,1.0
ID_75294443,1.0
ID_75326443,1.0
ID_75343083,1.0
ID_75381483,1.0
ID_75448043,0.9997923764197777
ID_75457003,1.0
ID_75478763,1.0
ID_75501803,1.0
ID_75524843,1.0
ID_75559403,1.0
ID_75572203,1.0
ID_75614443,1.0
ID_75683563,1.0
ID_75830763,1.0
ID_75846123,1.0
ID_75885803,1.0
ID_75903723,0.0
ID_75949803,1.0
ID_75952363,1.0
ID_75977963,1.0
ID_75995883,1.0
ID_76021483,1.0
ID_76030443,1.0
ID_76050923,1.0
ID_76140523,1.0
ID_76223723,1.0
ID_76228843,5.84990254934935e-11
ID_76265963,1.0
ID_76269803,1.0
ID_76274923,1.0
ID_76283883,1.0
ID_76289003,1.0
ID_76290283,1.0
ID_76361963,1.0
ID_76401643,1.0
ID_76414443,1.0
ID_76482283,1.0
ID_76491243,3.5330939228894764e-14
ID_76523243,3.739262937888253e-275
ID_76560363,1.0
ID_76578283,3.258377208375179e-107
ID_76587243,1.0
ID_76596203,2.4380202436057513e-123
ID_76617963,1.0
ID_76621803,1.0
ID_76624363,3.6196649069104564e-283
ID_76664043,1.0
ID_76667883,1.0
ID_76681963,1.0
ID_76684523,6.676747821519063e-135
ID_76734443,1.0
ID_76751083,1.0
ID_76815083,1.0
ID_76849643,1.0
ID_76861163,1.0
ID_76921323,1.0
ID_76976363,1.0
ID_77008363,1.0
ID_77027563,1.0
ID_77050603,1.0
ID_77057003,1.0
ID_77108203,1.0
ID_77114603,1.0
ID_77132523,1.0
ID_77137643,1.0
ID_77154283,1.0
ID_77155563,1.0
ID_77177323,1.0
ID_77218283,1.0
ID_77270763,1.0
ID_77301483,0.0
ID_77305323,1.0
ID_77429483,1.0
ID_77535723,1.071125779766658e-275
ID_77556203,1.0
ID_77572843,1.0
ID_77576683,1.0
ID_77598443,1.0
ID_77633003,5.114643113342922e-38
ID_77673963,2.5729552080604307e-83
ID_77685483,6.200989250656404e-117
ID_77722603,1.0
ID_77758443,0.0
ID_77781483,1.0
ID_77823723,1.0
ID_77839083,1.7805575255978483e-06
ID_77873643,1.0
ID_77908203,4.362994705842833e-81
ID_77927403,1.0
ID_77950443,1.0
ID_77961963,1.0
ID_78008043,1.0
ID_78032363,1.0
ID_78042603,1.0
ID_78262763,1.0
ID_78348523,1.0
ID_78453483,1.0
ID_78463723,1.0
ID_78513643,0.555223554849256
ID_78534123,0.0
ID_78576363,1.0
ID_78580203,1.0
ID_78633963,1.0
ID_78637803,1.0
ID_78645483,1.3755268610236757e-127
ID_78658283,1.5914508965781983e-06
ID_78677483,4.2510621742761387e-284
ID_78691563,1.0
ID_78706923,1.0
ID_78769643,9.590595315324649e-15
ID_78787563,1.0
ID_78840043,1.0
ID_78863083,1.0
ID_78896363,1.0
ID_78900203,1.0
ID_78905323,1.0
ID_78930923,1.0
ID_78934763,1.0
ID_78974443,1.0
ID_79043563,1.0
ID_79067883,1.0
ID_79096043,1.0
ID_79133163,1.0
ID_79144683,1.0
ID_79167723,1.1932733813084076e-10
ID_79208683,1.0
ID_79332843,1.0
ID_79355883,0.0
ID_79375083,1.0
ID_79376363,1.0
ID_79413483,9.611578608217984e-279
ID_79418603,1.0
ID_79448043,8.950079809062497e-110
ID_79491563,1.0
ID_79523563,1.0
ID_79574763,1.0
ID_79595243,1.0
ID_79646443,1.0
ID_79652843,1.0
ID_79710443,1.0
ID_79784683,1.0
ID_79785963,0.9996143402740357
ID_79809003,1.0
ID_79819243,0.0
ID_79832043,1.0
ID_79842283,1.0
ID_79862763,2.8629208417548256e-235
ID_79897323,1.0
ID_79915243,1.0
ID_79954923,1.0
ID_79961323,5.613472463893127e-113
ID_79977963,5.669375635009005e-128
ID_79993323,1.0
ID_80016363,1.0
ID_80048363,1.0
ID_80062443,1.0
ID_80085483,9.85614397961624e-47
ID_80093163,1.0
ID_80168683,1.0
ID_80186603,1.0
ID_80228843,1.0
ID_80241643,1.0
ID_80244203,1.0
ID_80255723,1.0
ID_80264683,1.0
ID_80276203,1.0
ID_80290283,1.0
ID_80295403,1.0
ID_80310763,1.0
ID_80359403,1.0
ID_80423403,1.0
ID_80437483,1.0
ID_80463083,1.0
ID_80515563,1.0
ID_80538603,1.0
ID_80607723,1.0
ID_80649963,1.0
ID_80665323,0.0
ID_80673003,1.0
ID_80684523,1.0971388403645885e-12
ID_80711403,1.0
ID_80722923,1.0
ID_80788203,1.0
ID_80806123,1.0
ID_80863723,1.0
ID_80877803,1.0
ID_80946923,1.0
ID_80973803,1.0
ID_81017323,1.0
ID_81019883,1.0
ID_81031403,1.0
ID_81040363,1.0
ID_81063403,1.9060997750724995e-112
ID_81100523,1.0
ID_81109483,1.0
ID_81174763,1.0
ID_81227243,1.0
ID_81238763,1.0
ID_81391083,1.0
ID_81437163,1.0
ID_81489643,1.0
ID_81521643,1.0
ID_81535723,1.0
ID_81579243,1.0
ID_81588203,1.0
ID_81593323,1.0
ID_81665003,1.0
ID_81680363,1.0
ID_81735403,1.0
ID_81781483,1.0
ID_81800683,1.0
ID_81813483,1.0
ID_81816043,1.0
ID_81825003,1.0
ID_81862123,2.983707441147947e-271
ID_81881323,1.0
ID_81896683,1.0
ID_81904363,1.0
ID_81915883,1.0
ID_81991403,1.0
ID_81993963,1.0
ID_81995243,1.0
ID_82000363,1.0
ID_82011883,1.0
ID_82017003,1.0
ID_82064363,1.0
ID_82074603,1.0
ID_82075883,1.0
ID_82115563,1.0
ID_82150123,2.4163432603311646e-14
ID_82175723,1.0
ID_82184683,1.0
ID_82221803,1.0
ID_82246123,1.0
ID_82248683,4.159358998107143e-271
ID_82283243,9.802251512405009e-297
ID_82288363,1.0
ID_82294763,1.0
ID_82311403,1.0
ID_82315243,0.0
ID_82322923,1.0
ID_82337003,1.0
ID_82338283,1.0
ID_82389483,1.0
ID_82392043,0.016912562784366814
ID_82426603,1.0
ID_82449643,1.0
ID_82467563,1.0
ID_82473963,1.0
ID_82536683,1.0
ID_82591723,1.0
ID_82617323,1.0
ID_82646763,1.0
ID_82681323,1.0
ID_82782443,1.0
ID_82790123,1.0
ID_82793963,1.0
ID_82824683,1.0
ID_82831083,1.0
ID_82833643,1.0
ID_82840043,1.0
ID_82870763,1.0
ID_82911723,1.0
ID_82920683,1.0
ID_82932203,1.0
ID_82960363,1.0
ID_83052523,1.0
ID_83087083,1.0
ID_83090923,1.0
ID_83110123,1.0
ID_83151083,5.266076682845973e-286
ID_83156203,1.0
ID_83160043,1.0
ID_83169003,1.0
ID_83213803,1.0
ID_83225323,1.0
ID_83330283,1.0
ID_83416043,1.0
ID_83419883,1.0
ID_83487723,1.0
ID_83510763,1.0
ID_83523563,1.0
ID_83528683,1.0
ID_83546603,1.104306684087246e-40
ID_83629803,1.0
ID_83634923,1.0
ID_83646443,1.0
ID_83650283,1.0
ID_83657963,1.0
ID_83721963,1.0
ID_83730923,1.0
ID_83779563,1.0
ID_83806443,1.0
ID_83809003,1.0
ID_83874283,1.0
ID_83912683,2.1895836202624732e-123
ID_83935723,1.0
ID_83954923,1.0
ID_84004843,1.0
ID_84079083,1.0
ID_84131563,1.0
ID_84136683,1.0
ID_84163563,1.0
ID_84235243,1.4161292141292496e-111
ID_84329963,1.0
ID_84336363,1.0
ID_84342763,1.0
ID_84345323,1.0
ID_84364523,1.0
ID_84368363,1.0
ID_84399083,1.0
ID_84446443,1.0
ID_84474603,1.0
ID_84529643,1.0
ID_84555243,1.0
ID_84587243,1.0
ID_84592363,1.0
ID_84601323,1.0
ID_84705003,5.012580267841418e-125
ID_84706283,1.0
ID_84731883,1.0
ID_84745963,2.433068808789424e-273
ID_84752363,3.590336655639763e-198
ID_84771563,1.0
ID_84812523,1.0
ID_84821483,1.0
ID_84826603,1.0
ID_84835563,1.0
ID_84847083,1.0
ID_84866283,1.0
ID_84875243,0.9999999999999432
ID_84902123,1.0
ID_84925163,0.9999999908816051
ID_84991723,0.9999999999894555
ID_85014763,1.0
ID_85022443,1.0
ID_85036523,0.0
ID_85051883,1.0
ID_85149163,1.0
ID_85155563,1.0
ID_85164523,1.0
ID_85196523,1.0
ID_85208043,0.9999999906840742
ID_85218283,1.0
ID_85222123,1.0
ID_85231083,1.0
ID_85302763,1.7839381847292897e-27
ID_85339883,1.0
ID_85353963,2.66764181483712e-76
ID_85377003,1.0
ID_85380843,1.0
ID_85394923,1.0
ID_85423083,1.0
ID_85443563,1.0
ID_85480683,1.0
ID_85484523,1.0
ID_85487083,1.0
ID_85515243,1.0
ID_85524203,1.0
ID_85551083,0.0
ID_85574123,1.0
ID_85581803,1.0
ID_85585643,1.0
ID_85652203,7.589882374285856e-142
ID_85654763,1.0
ID_85677803,1.0
ID_85700843,1.0
ID_85731563,1.0
ID_85758443,1.0
ID_85844203,1.0
ID_85891563,1.0
ID_85903083,1.2465610941639489e-29
ID_85922283,1.0
ID_85937643,1.0
ID_85945323,0.0
ID_86011883,1.5015580339966016e-115
ID_86014443,7.483969429416069e-13
ID_86127083,1.0
ID_86133483,1.0
ID_86168043,0.0
ID_86271723,1.0
ID_86292203,1.0
ID_86311403,1.0
ID_86326763,1.0
ID_86338283,1.0
ID_86352363,1.0
ID_86502123,1.0
ID_86517483,1.0
ID_86527723,1.0
ID_86543083,1.0
ID_86577643,1.0
ID_86695403,1.0
ID_86801643,1.0
ID_86847723,1.0
ID_87070443,1.0
ID_87079403,1.0
ID_87090923,1.0
ID_87098603,1.0
ID_87102443,1.0
ID_87130603,1.0
ID_87145963,1.0
ID_87199723,1.0
ID_87212523,1.0
ID_87222763,1.0
ID_87226603,1.0
ID_87314923,1.0
ID_87385323,1.0
ID_87404523,1.0
ID_87428843,1.0
ID_87462123,1.0
ID_87497963,3.6787464609109356e-153
ID_87508203,1.0
ID_87528683,1.0
ID_87554283,1.0
ID_87565803,8.275574556568595e-40
ID_87620843,1.0
ID_87632363,1.0
ID_87783403,1.0
ID_87817963,1.0
ID_87843563,1.0
ID_87848683,1.0
ID_87864043,1.0
ID_87875563,1.0
ID_87889643,1.0
ID_87919083,1.0
ID_87942123,0.0
ID_87956203,1.0
ID_87967723,1.0
ID_87988203,1.0
ID_88053483,1.0
ID_88068843,1.0
ID_88088043,1.0
ID_88100843,1.5042551660464548e-143
ID_88112363,1.0
ID_88137963,1.0
ID_88195563,1.0
ID_88207083,1.0
ID_88246763,1.0
ID_88315883,1.0
ID_88361963,1.0
ID_88386283,1.0
ID_88411883,1.0
ID_88428523,1.0
ID_88477163,1.0
ID_88497643,1.0
ID_88524523,1.0
ID_88543723,1.0
ID_88566763,1.0
ID_88612843,1.0
ID_88637163,3.635046193385385e-130
ID_88647403,1.0
ID_88708843,1.0
ID_88725483,1.0
ID_88757483,1.0
ID_88775403,1.0
ID_88821483,1.0
ID_88936683,1.5246487494261405e-113
ID_88964843,1.0
ID_88985323,1.0
ID_89045483,1.0
ID_89054443,5.875411650593961e-269
ID_89058283,7.925675296835917e-07
ID_89068523,1.0
ID_89104363,1.0
ID_89115883,1.0
ID_89219563,1.0
ID_89227243,1.0
ID_89261803,0.0
ID_89273323,1.0
ID_89412843,8.05618818033366e-80
ID_89470443,6.246374252167277e-123
ID_89502443,0.03142774848002122
ID_89547243,1.0
ID_89705963,1.0
ID_89714923,1.0
ID_89718763,2.430420994591336e-06
ID_89729003,7.840337324406989e-113
ID_89776363,1.0
ID_89795563,1.0
ID_89818603,1.0
ID_89853163,1.0
ID_89900523,1.0
ID_89903083,1.0
ID_89937643,1.0
ID_89945323,2.874496287089387e-23
ID_90029803,1.0
ID_90041323,1.0
ID_90096363,1.0
ID_90104043,1.0
ID_90107883,1.3322188406135856e-269
ID_90115563,1.0
ID_90121963,2.1273002176579077e-124
ID_90151403,1.0
ID_90232043,0.0
ID_90234603,1.0
ID_90257643,1.0
ID_90266603,1.0
ID_90269163,1.0
ID_90312683,1.0
ID_90326763,1.0
ID_90329323,1.0
ID_90393323,2.3469141786654956e-231
ID_90458603,1.0
ID_90471403,1.0
ID_90497003,3.45773429535574e-15
ID_90520043,1.0
ID_90529003,1.0
ID_90572523,1.0
ID_90584043,1.0
ID_90595563,1.0
ID_90607083,1.0
ID_90678763,1.0
ID_90687723,1.0
ID_90710763,1.0
ID_90753003,1.0
ID_90828523,1.0
ID_90845163,1.0
ID_90846443,1.0
ID_90872043,1.0
ID_90888683,1.0
ID_90906603,1.0
ID_90911723,1.0
ID_91012843,1.5022735480176455e-274
ID_91030763,1.0
ID_91044843,1.0
ID_91137003,1.0
ID_91165163,1.0
ID_91171563,1.0
ID_91174123,1.0
ID_91229163,3.399074450592922e-16
ID_91293163,3.853464859155193e-06
ID_91325163,1.0
ID_91335403,6.2465560562419525e-279
ID_91336683,2.3772832738467087e-84
ID_91364843,1.0
ID_91390443,1.0
ID_91419883,1.0
ID_91433963,1.0
ID_91442923,1.0
ID_91468523,0.0
ID_91474923,1.0
ID_91540203,1.0
ID_91544043,1.0
ID_91551723,1.0
ID_91564523,4.829690685497734e-171
ID_91567083,1.0
ID_91572203,1.0
ID_91578603,1.0
ID_91599083,1.0
ID_91601643,1.0
ID_91650283,1.0
ID_91652843,1.0
ID_91696363,1.0
ID_91737323,1.0
ID_91834603,1.0
ID_91857643,1.0
ID_91869163,1.0
ID_91976683,1.0
ID_91985643,2.523915257657113e-20
ID_91988203,1.0
ID_91999723,1.0
ID_92022763,1.0
ID_92089323,1.3942040286074557e-39
ID_92123883,1.0
ID_92166123,1.0
ID_92177643,1.0
ID_92250603,1.0
ID_92259563,6.526371289788129e-38
ID_92267243,1.0
ID_92271083,1.0
ID_92278763,1.0
ID_92285163,1.0
ID_92292843,0.0003398674100816207
ID_92347883,1.0
ID_92395243,1.0
ID_92443883,1.0
ID_92509163,1.0
ID_92513003,1.0
ID_92564203,1.0
ID_92648683,1.0
ID_92726763,1.0
ID_92749803,1.0
ID_92795883,1.0
ID_92812523,1.0
ID_92841963,1.0
ID_92876523,1.0
ID_92893163,1.0
ID_92899563,1.0
ID_92980203,1.0
ID_93035243,1.0
ID_93046763,1.0
ID_93051883,1.0
ID_93090283,1.0531128929707123e-49
ID_93167083,1.0
ID_93204203,1.0
ID_93270763,1.0
ID_93274603,1.0
ID_93282283,1.0
ID_93288683,1.0
ID_93329643,0.9981986876410673
ID_93351403,1.0
ID_93490923,1.0
ID_93516523,1.0
ID_93528043,1.0
ID_93533163,1.0
ID_93545963,1.0
ID_93571563,1.0
ID_93592043,0.9999999444500831
ID_93606123,1.0
ID_93659883,1.0
ID_93691883,1.0
ID_93703403,1.0
ID_93761003,1.0
ID_93773803,1.0
ID_93776363,1.0
ID_93785323,0.9960917232242039
ID_93799403,1.0
ID_93912043,1.0
ID_93963243,1.0
ID_94024683,0.06572440255208772
ID_94078443,1.0
ID_94124523,1.0
ID_94136043,1.0
ID_94145003,1.0
ID_94153963,1.0
ID_94170603,1.0
ID_94193643,1.0
ID_94209003,1.0
ID_94229483,1.0
ID_94278123,1.0
ID_94289643,1.0
ID_94294763,1.0
ID_94344683,1.0
ID_94375403,1.0
ID_94436843,0.0
ID_94439403,1.0
ID_94459883,4.83432875067579e-51
ID_94480363,1.0
ID_94490603,1.0
ID_94505963,1.0
ID_94536683,1.0
ID_94571243,4.0400512204802846e-134
ID_94630123,1.0
ID_94687723,1.0
ID_94733803,2.794199292458423e-80
ID_94796523,1.838685332331013e-16
ID_94881003,0.0
ID_94923243,4.348095395211994e-112
ID_94927083,1.0
ID_94938603,0.0
ID_94996203,1.0
ID_95070443,1.0
ID_95131883,0.0
ID_95143403,1.0
ID_95183083,1.0
ID_95209963,1.0
ID_95231723,1.0
ID_95233003,1.0
ID_95302123,1.0
ID_95332843,1.0
ID_95345643,1.0
ID_95359723,1.0
ID_95368683,4.860766147013289e-11
ID_95373803,1.0
ID_95413483,1.0868061929643682e-15
ID_95457003,1.0
ID_95549163,1.0
ID_95615723,1.0
ID_95642603,1.0
ID_95707883,1.0
ID_95719403,1.0
ID_95748843,1.0
ID_95765483,1.0
ID_95794923,1.0
ID_95806443,1.0151057063384463e-123
ID_95826923,4.343672986794393e-271
ID_95834603,3.3954817193327443e-115
ID_95849963,1.0
ID_95926763,1.0
ID_95935723,5.788548589778013e-18
ID_95951083,1.0
ID_95965163,1.0
ID_95974123,1.0
ID_96029163,1.0
ID_96089323,1.0
ID_96109803,1.0
ID_96129003,1.4584839469491641e-08
ID_96186603,1.0
ID_96209643,1.0
ID_96213483,1.0
ID_96245483,1.0
ID_96255723,1.0
ID_96257003,4.2123049009685004e-30
ID_96282603,1.0
ID_96294123,0.0
ID_96299243,1.0
ID_96303083,1.0
ID_96372203,1.0
ID_96402923,1.0
ID_96434923,1.0
ID_96437483,8.542731192215692e-20
ID_96461803,1.0
ID_96495083,1.4191386299121407e-236
ID_96553963,1.0
ID_96559083,1.0
ID_96573163,1.983060779044518e-17
ID_96614123,1.0
ID_96628203,1.0
ID_96676843,1.0
ID_96703723,7.42201201403595e-245
ID_96740843,1.0
ID_96745963,1.0
ID_96780523,1.0
ID_96803563,1.0
ID_96827883,1.0
ID_96885483,1.0
ID_96973803,1.0
ID_96982763,1.0
ID_97017323,1.0
ID_97054443,1.0
ID_97086443,1.0
ID_97090283,1.0
ID_97201643,1.0
ID_97279723,1.0
ID_97309163,1.0
ID_97378283,1.0
ID_97417963,1.0
ID_97421803,0.9999979183265917
ID_97441003,1.0
ID_97464043,1.0
ID_97476843,1.0
ID_97577963,1.0
ID_97626603,1.0
ID_97649643,1.0
ID_97657323,0.0
ID_97693163,1.0
ID_97769963,1.0
ID_97778923,1.0
ID_97785323,1.0
ID_97857003,1.0
ID_97880043,1.0
ID_97897963,1.0
ID_97900523,1.0
ID_97931243,1.0
ID_97940203,1.0
ID_97963243,1.0
ID_98079723,0.9999999999637339
ID_98091243,1.0
ID_98116843,1.0
ID_98147563,1.0
ID_98225643,1.0
ID_98273003,1.0
ID_98284523,1.0
ID_98296043,0.9953566752486984
ID_98298603,1.0
ID_98321643,1.0
ID_98330603,1.0
ID_98386923,1.0
ID_98441963,0.0
ID_98445803,0.0
ID_98465003,1.0
ID_98477803,1.0
ID_98503403,1.0
ID_98511083,1.0
ID_98512363,1.0
ID_98572523,1.0
ID_98593003,1.0
ID_98603243,1.0
ID_98692843,1.0
ID_98747883,1.0
ID_98793963,1.0
ID_98842603,1.0
ID_98878443,1.0
ID_98886123,1.0
ID_98915563,1.0
ID_98947563,1.0
ID_98959083,1.0
ID_98982123,1.0
ID_99007723,1.0
ID_99120363,1.0
ID_99137003,1.0
ID_99152363,1.0
ID_99183083,1.0
ID_99198443,1.0
ID_99221483,1.0
ID_99226603,1.0
ID_99263723,1.0
ID_99295723,1.0
ID_99311083,1.0
ID_99353323,1.0
ID_99387883,1.0
ID_99394283,1.0
ID_99435243,9.345803944305697e-19
ID_99446763,1.0
ID_99468523,1.0
ID_99483883,1.3586706895100902e-75
ID_99529963,0.999946694155716
ID_99647723,1.0
ID_99654123,1.0
ID_99677163,1.0
ID_99684843,1.0
ID_99720683,1.0
ID_99757803,1.0
ID_99801323,1.0
ID_99812843,1.0
ID_99815403,1.0
ID_99824363,1.0
ID_99832043,1.0
ID_99935723,1.0
